Title	Author	Rating	Reviews	Genres	NetGalley	GoodReads
Vale of Dreams	C.N. Crawford	4.28	33961	Fantasy, Romantasy, Fae, Enemies To Lovers, Romance, Audiobook, Fantasy Romance	https://www.netgalley.com/catalog/book/878348	https://www.goodreads.com/book/show/210277261-vale-of-dreams?from_search=true&from_srp=true&qid=ZXBWcJxTm5&rank=1
The Wretched Divine	Adalyn Grace	4.31	1064	Fantasy, Romantasy, Romance, Adult, Fantasy Romance, Demons, Audiobook	https://www.netgalley.com/catalog/book/802081	https://www.goodreads.com/book/show/243263467-the-wretched-divine?from_search=true&from_srp=true&qid=RrfkrzkRSf&rank=1
Legends & Lattes: The Graphic Novel	Samuel Sattin	4.46	748	Fantasy, Graphic Novels, Adult, Cozy, LGBT, Queer, Lesbian	https://www.netgalley.com/catalog/book/845630	https://www.goodreads.com/book/show/249584555-legends-lattes?from_search=true&from_srp=true&qid=uKBOqI06kr&rank=1
Shadow and Son	Gretchen Powell Fox	4.72	476	Fantasy, Romantasy, Romance, Fae, Fantasy Romance, Adult, Fiction	https://www.netgalley.com/catalog/book/889037	https://www.goodreads.com/book/show/243790822-shadow-and-son?from_search=true&from_srp=true&qid=TInnm0o0NG&rank=1
Under the Iron Sky	A.T. Emerald	4.55	489	Fantasy, Romantasy, Fantasy Romance, Romance, Science Fiction, Dystopia, Adult	https://www.netgalley.com/catalog/book/847944	https://www.goodreads.com/book/show/248285113-under-the-iron-sky?from_search=true&from_srp=true&qid=Ore59ippVq&rank=1
Harbinger	Geneva Lee	4.47	396	Fantasy, Romantasy, Romance, Fantasy Romance, Adult, New Adult, Fiction	https://www.netgalley.com/catalog/book/854456	https://www.goodreads.com/book/show/241927954-harbinger?from_search=true&from_srp=true&qid=92M5b8hkK2&rank=1
Fangs with Benefits	Kath Richards	4.38	268	Romance, Paranormal, Vampires, Fantasy, Paranormal Romance, Contemporary, Adult Romance	https://www.netgalley.com/catalog/book/888578	https://www.goodreads.com/book/show/246892865-fangs-with-benefits?from_search=true&from_srp=true&qid=0j2J64zRvc&rank=1
Baldur's Gate 3: Astarion	T. Kingfisher	4.42	242	Fantasy, Vampires, Adult, Horror, Fiction, High Fantasy, Video Games	https://www.netgalley.com/catalog/book/864058	https://www.goodreads.com/book/show/250015029-baldur-s-gate-3?from_search=true&from_srp=true&qid=P7kP9dV22M&rank=1
Once in a Timeline	Iman Hariri-Kia	4.08	202	Romance, Fantasy, Magical Realism, Contemporary, Contemporary Romance, Fiction, Time Travel	https://www.netgalley.com/catalog/book/851739	https://www.goodreads.com/book/show/245424163-once-in-a-timeline?from_search=true&from_srp=true&qid=vmzGD4JbpW&rank=1
The Spark of Rebellion	J.A. Williams	4.46	174	Fantasy, Enemies To Lovers, Romantasy, Slow Burn, Fantasy Romance, Dark Fantasy, Dark Romance	https://www.netgalley.com/catalog/book/889587	https://www.goodreads.com/book/show/251807214-the-spark-of-rebellion?from_search=true&from_srp=true&qid=s8OrFhez9G&rank=1
Alma Vampires	Elena Armas	4.11	140	Romance, Fantasy, Paranormal, Vampires, Paranormal Romance, Romantasy, Dark Academia	https://www.netgalley.com/catalog/book/850920	https://www.goodreads.com/book/show/248162762-alma-vampires?from_search=true&from_srp=true&qid=9wlmCvo2h6&rank=1
The Enigmas	Emilia Hart	4.46	117	Historical Fiction, Fantasy, Time Travel, Fiction, Science Fiction, Adult, Magical Realism	https://www.netgalley.com/catalog/book/857933	https://www.goodreads.com/book/show/250713706-the-enigmas?from_search=true&from_srp=true&qid=kkEIoAfOHg&rank=1
Merciful Carnage	Sara Hashem	4.24	116	Fantasy, Romance, Fantasy Romance, Adult, Romantasy, Enemies To Lovers, Adult Romance	https://www.netgalley.com/catalog/book/871105	https://www.goodreads.com/book/show/248990337-merciful-carnage?from_search=true&from_srp=true&qid=xo8qHgntz1&rank=1
The Magical Cheese Emporium	Sarah Beth Durst	4.4	92	Fantasy, Cozy Fantasy, Cozy, Romance, Romantasy, Fiction, Adult	https://www.netgalley.com/catalog/book/849790	https://www.goodreads.com/book/show/250727343-the-magical-cheese-emporium?from_search=true&from_srp=true&qid=qT3VWqDykG&rank=1
Bones of Jade, Flesh Like Ice	Gracie Marsden	4.26	85	Fantasy, Historical Fiction, Mythology, Historical, Fiction, Adult, Asian Literature	https://www.netgalley.com/catalog/book/825373	https://www.goodreads.com/book/show/247859743-bones-of-jade-flesh-like-ice?from_search=true&from_srp=true&qid=fWYBQVkCkX&rank=1
Of Iron and Moonlight	Irene Edwards	4.67	57	Fantasy, Fae	https://www.netgalley.com/catalog/book/866811	https://www.goodreads.com/book/show/254811925-of-iron-and-moonlight?from_search=true&from_srp=true&qid=ibr9oCATtg&rank=1
A Curse Carved in Ink	Tzeyi Koay	4.75	55	Fantasy, Romantasy, Romance, Vampires, Queer, Adult, Lesbian	https://www.netgalley.com/catalog/book/870327	https://www.goodreads.com/book/show/231310479-a-curse-carved-in-ink?from_search=true&from_srp=true&qid=v38L2Oo7Vb&rank=1
Alistair Fall and the Restless Dead	Marianne Gordon	4.17	58	Fantasy, Mystery, Mystery Thriller, Adult, Fiction	https://www.netgalley.com/catalog/book/880461	https://www.goodreads.com/book/show/256010880-alistair-fall-and-the-restless-dead?from_search=true&from_srp=true&qid=O62r648KBV&rank=1
The Secret Lives of Zombie Wives	Barbara Truelove	4.35	52	Horror, Novella, Adult, Science Fiction, Horror Thriller, Fantasy, Fiction	https://www.netgalley.com/catalog/book/864021	https://www.goodreads.com/book/show/250819293-the-secret-lives-of-zombie-wives?from_search=true&from_srp=true&qid=jMEHwhTwDN&rank=1
Silver Dawn	Marie Lu	4.15	53	Fantasy, Adult, Fiction, Urban Fantasy, Romantasy, Dystopia, Adult Fiction	https://www.netgalley.com/catalog/book/869636	https://www.goodreads.com/book/show/250760907-silver-dawn?from_search=true&from_srp=true&qid=FVEUVnXQvW&rank=1
Villain Origin Story	Ruby Dixon	4.4	45	Fantasy, Romantasy, Romance, Fantasy Romance, Adult, Smut	https://www.netgalley.com/catalog/book/873134	https://www.goodreads.com/book/show/251757707-villain-origin-story?from_search=true&from_srp=true&qid=pKiO8tvubC&rank=1
My Fae Lady	S.L. Prater	4.38	42	Fantasy, Romance	https://www.netgalley.com/catalog/book/892678	https://www.goodreads.com/book/show/255957800-my-fae-lady?from_search=true&from_srp=true&qid=E745u5uwCD&rank=1
Daughter of Wolves	Nicki Pau Preto	4.07	43	Fantasy, Romantasy, Romance, Adult, Fantasy Romance, Fiction	https://www.netgalley.com/catalog/book/849784	https://www.goodreads.com/book/show/250716178-daughter-of-wolves?from_search=true&from_srp=true&qid=9x3uE53mx7&rank=1
Death's a Bitch	Eloise Rodger	4.31	35	Horror, Fiction, Literary Fiction, Fantasy, Romance, Adult	https://www.netgalley.com/catalog/book/875548	https://www.goodreads.com/book/show/251928322-death-s-a-bitch?from_search=true&from_srp=true&qid=66eZZlFLcP&rank=1
Elodie and the Dark Lord	Ashley Poston	4.5	28	Fantasy, Romance, Romantasy, Cozy, Adult, Fantasy Romance, Fiction	https://www.netgalley.com/catalog/book/870323	https://www.goodreads.com/book/show/254501657-elodie-and-the-dark-lord?from_search=true&from_srp=true&qid=3DplLbalUe&rank=1
The Words That Weave the Dark	Tessonja Odette	4.69	26	Fantasy, Romantasy, Romance, Fiction, Fantasy Romance, Paranormal	https://www.netgalley.com/catalog/book/889006	https://www.goodreads.com/book/show/248117453-the-words-that-weave-the-dark?from_search=true&from_srp=true&qid=nu2r8yambe&rank=1
The Realm Reaper	Julie Johnson	4.83	23	Fantasy, Romantasy, Romance, Adult Romance, Adult, Fiction	https://www.netgalley.com/catalog/book/888509	https://www.goodreads.com/book/show/251870118-the-realm-reaper?from_search=true&from_srp=true&qid=w0CXTMAjqj&rank=1
When a Dragon Calls 1	Sachiko Kashiwaba	4.11	27	Manga, Fantasy, Dragons, Graphic Novels	https://www.netgalley.com/catalog/book/891805	https://www.goodreads.com/book/show/249069022-when-a-dragon-calls-1?from_search=true&from_srp=true&qid=1Dqg4YKVIv&rank=1
Night Tide (Deluxe Limited Edition)	Lexi Ryan	4.58	24	Fantasy, Romance, Romantasy, Fantasy Romance, Fiction, Vampires, Adult	https://www.netgalley.com/catalog/book/865580	https://www.goodreads.com/book/show/252605760-night-tide?from_search=true&from_srp=true&qid=eqx5kxiKz5&rank=1
A Time of Gladiators and Fate	Susan Illene	4.77	22	Time Travel	https://www.netgalley.com/catalog/book/890922	https://www.goodreads.com/book/show/254231675-a-time-of-gladiators-and-fate?from_search=true&from_srp=true&qid=KP2WC9de2j&rank=1
The Lost Guardian	Natalia Hernandez	4.39	23	Fantasy, Romance, Romantasy, Fiction, Adult, Fantasy Romance, Adventure	https://www.netgalley.com/catalog/book/877403	https://www.goodreads.com/book/show/247783664-the-lost-guardian?from_search=true&from_srp=true&qid=y8UCCj5oVW&rank=1
TO THE ROTTING END	Sophia St. Germain	4.62	21	Romantasy, Fantasy, Romance, Dystopia, Adult, Fantasy Romance	https://www.netgalley.com/catalog/book/861702	https://www.goodreads.com/book/show/252444910-to-the-rotting-end?from_search=true&from_srp=true&qid=hHaVi0aHH5&rank=1
Magic for Crosswise Witches	Ava Morgyn	4.09	23	Fantasy, Witches, Paranormal, Fiction, Adult	https://www.netgalley.com/catalog/book/855375	https://www.goodreads.com/book/show/250727418-magic-for-crosswise-witches?from_search=true&from_srp=true&qid=UAfC0yA7RW&rank=1
Meet Me After Life	Anneka-Rose Burrell	4.59	17	Fantasy	https://www.netgalley.com/catalog/book/894213	https://www.goodreads.com/book/show/256744456-meet-me-after-life?from_search=true&from_srp=true&qid=p2vRgPmMOe&rank=1
Sand Trials	J.F. Johns	4.87	15		https://www.netgalley.com/catalog/book/891793	https://www.goodreads.com/book/show/255176674-sand-trials?from_search=true&from_srp=true&qid=26tBIAUdzf&rank=1
Heart of the Trove	Robin Clearbrook	4.47	15		https://www.netgalley.com/catalog/book/890311	https://www.goodreads.com/book/show/257277916-heart-of-the-trove?from_search=true&from_srp=true&qid=JZ28385ZK9&rank=1
Copperstitched	Kalie Reid	4.43	14	Fantasy, Romantasy, Romance, Adult, Fiction	https://www.netgalley.com/catalog/book/888584	https://www.goodreads.com/book/show/251792186-copperstitched?from_search=true&from_srp=true&qid=sNiwFliKxu&rank=1
Emily Wilde's History of Dark Faerie	Heather Fawcett	4.14	14	Fantasy, Romance, Romantasy, Cozy Fantasy, Historical Fiction, Fiction, Cozy	https://www.netgalley.com/catalog/book/876472	https://www.goodreads.com/book/show/252007132-emily-wilde-s-history-of-dark-faerie?from_search=true&from_srp=true&qid=K2FFlUDBtl&rank=1
Season of Steel	Maia Kane	4.5	12	Fantasy, Lesbian, Romance, Adult, Queer, LGBT, Romantasy	https://www.netgalley.com/catalog/book/883336	https://www.goodreads.com/book/show/254501682-season-of-steel?from_search=true&from_srp=true&qid=kiQJSaLmat&rank=1
Wishspun	India Holton	4.55	11	Fantasy, Romance, Cozy Fantasy, Cozy, Romantasy, Adult, Fantasy Romance	https://www.netgalley.com/catalog/book/883583	https://www.goodreads.com/book/show/254623539-wishspun?from_search=true&from_srp=true&qid=KqWW47tCpH&rank=1
Rogue x Gambit (An X-Men Love Story)	Louangie Bou-Montes	4.08	12	Romance, Fantasy, Adult, Superheroes, Science Fiction, Marvel, Comics	https://www.netgalley.com/catalog/book/889562	https://www.goodreads.com/book/show/252283804-rogue-x-gambit?from_search=true&from_srp=true&qid=dZYcv2Pm8x&rank=1
The Final Death of Namjoo Han	Elaine U. Cho	4.0	12	Fantasy, Adult, Fiction, Science Fiction, Ghosts, Science Fiction Fantasy	https://www.netgalley.com/catalog/book/860825	https://www.goodreads.com/book/show/253910320-the-final-death-of-namjoo-han?from_search=true&from_srp=true&qid=JJY0NiEwSw&rank=1
By Divine Rage	Roseanne A. Brown	5.0	9	Fantasy, Romantasy, Romance, Adult, Science Fiction Fantasy, Epic Fantasy, Fiction	https://www.netgalley.com/catalog/book/889068	https://www.goodreads.com/book/show/253015594-by-divine-rage?from_search=true&from_srp=true&qid=h8USDRs79M&rank=1
Scales of Flame	Meghan Le Fay	4.2	10	Romantasy, Dragons, Fantasy	https://www.netgalley.com/catalog/book/888479	https://www.goodreads.com/book/show/248337623-scales-of-flame?from_search=true&from_srp=true&qid=UOSUZH7RJc&rank=1
Down Where Monsters Dwell	Hildur Knútsdóttir	4.88	8	Horror, Adult, Fantasy, Gothic, Horror Thriller, Fiction, Folklore	https://www.netgalley.com/catalog/book/869633	https://www.goodreads.com/book/show/250954648-down-where-monsters-dwell?from_search=true&from_srp=true&qid=dOR0vQpeFW&rank=1
Overworld	Will Wight	4.0	8	Fantasy, Litrpg, Adult, Adult Fiction, Fiction	https://www.netgalley.com/catalog/book/875972	https://www.goodreads.com/book/show/250145449-overworld?from_search=true&from_srp=true&qid=byCVXrBIqe&rank=1
When the Woods Called Us Home	Rachel Griffin	4.57	7	Fantasy, Mystery, Adult, Horror, Mystery Thriller	https://www.netgalley.com/catalog/book/875575	https://www.goodreads.com/book/show/248283685-when-the-woods-called-us-home?from_search=true&from_srp=true&qid=BPgs11v6il&rank=1
A Visitor’s Guide to Guarded Vampires	Rebecca Arden	4.57	7	Romance	https://www.netgalley.com/catalog/book/895222	https://www.goodreads.com/book/show/255624737-a-visitor-s-guide-to-guarded-vampires?from_search=true&from_srp=true&qid=7REhQ2yjiQ&rank=1
Dead Boys Don’t Cry	Joe Koch	4.2	5	Horror, LGBT, Fiction	https://www.netgalley.com/catalog/book/888561	https://www.goodreads.com/book/show/255715811-dead-boys-don-t-cry?from_search=true&from_srp=true&qid=SUaZwdu4PC&rank=1
The Death of a Coven	Annie Summerlee	5.0	4	Lesbian, Fantasy, Romance, Paranormal, Fiction, Romantasy, LGBT	https://www.netgalley.com/catalog/book/894283	https://www.goodreads.com/book/show/253059844-the-death-of-a-coven?from_search=true&from_srp=true&qid=Sw4M9ekSOA&rank=1
Queen of Foxes	Jennifer Estep	4.5	4	Fantasy, Romantasy, Romance, Adult	https://www.netgalley.com/catalog/book/888020	https://www.goodreads.com/book/show/247128816-queen-of-foxes?from_search=true&from_srp=true&qid=mwIxgFCjKE&rank=1
Death (Deluxe Edition)	Kristin Cast	4.25	4		https://www.netgalley.com/catalog/book/888460	https://www.goodreads.com/book/show/247948486-death-deluxe-edition?from_search=true&from_srp=true&qid=5eETs2taPE&rank=1
Before I Bow	Mona Tewari	5.0	3	Fantasy	https://www.netgalley.com/catalog/book/894646	https://www.goodreads.com/book/show/255169906-before-i-bow?from_search=true&from_srp=true&qid=NUyphj0jeT&rank=1
The Coven of Redthorn Manor	D.M. Million	4.67	3	Fantasy	https://www.netgalley.com/catalog/book/891763	https://www.goodreads.com/book/show/254354724-the-coven-of-redthorn-manor?from_search=true&from_srp=true&qid=fYkvDw22rL&rank=1
Twice Charmed	Laura Sebastian	4.33	3	Fantasy	https://www.netgalley.com/catalog/book/894452	https://www.goodreads.com/book/show/252489791-twice-charmed?from_search=true&from_srp=true&qid=5lJDSObw2U&rank=1
Heartsgrove	Allison Saft	5.0	2	Fantasy, LGBT, Adult, Romance, Queer, Romantasy, M M Romance	https://www.netgalley.com/catalog/book/892886	https://www.goodreads.com/book/show/255097954-heartsgrove?from_search=true&from_srp=true&qid=ze3gs6xFyw&rank=1
Twisted Magic	Jude Knight	5.0	2		https://www.netgalley.com/catalog/book/894388	https://www.goodreads.com/book/show/258122225-twisted-magic?from_search=true&from_srp=true&qid=drKMYursWa&rank=1
The Enchanted Atlas of Fortune and Fate	Ciara Blume	4.5	2	Fantasy	https://www.netgalley.com/catalog/book/894179	https://www.goodreads.com/book/show/256357649-the-enchanted-atlas-of-fortune-and-fate?from_search=true&from_srp=true&qid=FhjOWdgaro&rank=1
Shield of Sparrows	SuperSummary	5.0	1		https://www.netgalley.com/catalog/book/887424	https://www.goodreads.com/book/show/238361073-study-guide?from_search=true&from_srp=true&qid=J0f6oRrC1e&rank=1
Necromantica	Ava Reid	5.0	1	Fantasy, Adult, Gothic, Horror, Horror Thriller, Fiction	https://www.netgalley.com/catalog/book/887285	https://www.goodreads.com/book/show/256594868-necromantica?from_search=true&from_srp=true&qid=w6Hj4j2RXV&rank=1
The Little Shop of Celtic Charms	Lou Hallow	5.0	1	Fantasy, Romance, Romantasy	https://www.netgalley.com/catalog/book/892917	https://www.goodreads.com/book/show/251960067-the-little-shop-of-celtic-charms?from_search=true&from_srp=true&qid=bzZt15xaAm&rank=1
Dead New World	Lin Darrow	5.0	1	Adult, LGBT	https://www.netgalley.com/catalog/book/892842	https://www.goodreads.com/book/show/246571226-dead-new-world?from_search=true&from_srp=true&qid=A4MhwRxAty&rank=1
The Thousand Deaths of Romeo and Juliet	Caroline Finch	5.0	1	Fiction	https://www.netgalley.com/catalog/book/894313	https://www.goodreads.com/book/show/250503054-the-thousand-deaths-of-romeo-and-juliet?from_search=true&from_srp=true&qid=zSNIMBKnsY&rank=1
Ghost/Writer	Diana Peterfreund	5.0	1		https://www.netgalley.com/catalog/book/885778	https://www.goodreads.com/book/show/250727347-ghost-writer?from_search=true&from_srp=true&qid=i04LbhSOow&rank=1
Tempted by the Vampire Prince	Ainsley James	5.0	1		https://www.netgalley.com/catalog/book/895812	https://www.goodreads.com/book/show/249871439-tempted-by-the-vampire-prince?from_search=true&from_srp=true&qid=pFC3yWn36f&rank=1
Time After Time	Clare Swatman	4.0	1		https://www.netgalley.com/catalog/book/893598	https://www.goodreads.com/book/show/242091987-time-after-time?from_search=true&from_srp=true&qid=3t5O03cGM4&rank=1
